vd_dtgerencial,dds,dia,hora,qtd,valor
2025-01-31,6,Friday,18:00,4,"90,85"
2025-01-31,6,Friday,19:00,14,"448,39"
2025-01-31,6,Friday,20:00,25,"528,11"
2025-01-31,6,Friday,21:00,18,"513,71"
2025-01-31,6,Friday,22:00,10,"284,45"
2025-01-31,6,Friday,23:00,8,"159,8"
2025-02-01,7,Saturday,18:00,7,"166,75"
2025-02-01,7,Saturday,19:00,88,"2178,5"
2025-02-01,7,Saturday,20:00,119,"2817,82"
2025-02-01,7,Saturday,21:00,98,"2127,47"
2025-02-01,7,Saturday,22:00,71,"1511,22"
2025-02-01,7,Saturday,23:00,48,"1032,87"
2025-02-01,7,Saturday,24:00:00,18,"317,56"
2025-02-01,7,Saturday,25:00:00,3,"19,84"
2025-02-03,2,Monday,14:00,1,"7,95"
2025-02-03,2,Monday,15:00,-1,"-7,95"
2025-02-04,3,Tuesday,17:00,18,"261,23"
2025-02-04,3,Tuesday,18:00,-12,"-149,4"
2025-02-04,3,Tuesday,19:00,38,"900,1"
2025-02-04,3,Tuesday,20:00,53,"1293,35"
2025-02-04,3,Tuesday,21:00,43,"1015,85"
2025-02-04,3,Tuesday,22:00,43,"1121,9"
2025-02-04,3,Tuesday,23:00,15,"346,25"
2025-02-04,3,Tuesday,24:00:00,1,"17,95"
2025-02-05,4,Wednesday,13:00,1,"17,95"
2025-02-05,4,Wednesday,14:00,3,"72,85"
2025-02-05,4,Wednesday,15:00,-4,"-90,8"
2025-02-05,4,Wednesday,16:00,1,
2025-02-05,4,Wednesday,18:00,3,"13,95"
2025-02-05,4,Wednesday,19:00,43,"639,37"
2025-02-05,4,Wednesday,20:00,135,"2366,42"
2025-02-05,4,Wednesday,21:00,137,"2466,94"
2025-02-05,4,Wednesday,22:00,104,"1576,79"
2025-02-05,4,Wednesday,23:00,80,"1444,85"
2025-02-05,4,Wednesday,24:00:00,44,"634,87"
2025-02-05,4,Wednesday,25:00:00,28,"566,65"
2025-02-05,4,Wednesday,26:00:00,-2,"-35,9"
2025-02-06,5,Thursday,18:00,3,"27,85"
2025-02-06,5,Thursday,19:00,47,"1026,97"
2025-02-06,5,Thursday,20:00,59,"1396,22"
2025-02-06,5,Thursday,21:00,64,"1399,1"
2025-02-06,5,Thursday,22:00,36,"456,53"
2025-02-06,5,Thursday,23:00,7,"77,26"
2025-02-06,5,Thursday,24:00:00,8,"-128,1"
2025-02-06,5,Thursday,25:00:00,-1,"-13,95"
2025-02-07,6,Friday,17:00,12,"143,6"
2025-02-07,6,Friday,18:00,43,"1396,03"
2025-02-07,6,Friday,19:00,41,"1266,95"
2025-02-07,6,Friday,20:00,98,"2341,64"
2025-02-07,6,Friday,21:00,218,"5677,7"
2025-02-07,6,Friday,22:00,178,"3824,35"
2025-02-07,6,Friday,23:00,178,"3586,06"
2025-02-07,6,Friday,24:00:00,144,"2770,27"
2025-02-07,6,Friday,25:00:00,101,"1705,39"
2025-02-07,6,Friday,26:00:00,23,"364,46"
2025-02-07,6,Friday,28:00:00,-36,"-685,2"
2025-02-08,7,Saturday,16:00,9,"171,89"
2025-02-08,7,Saturday,17:00,36,"769,52"
2025-02-08,7,Saturday,18:00,62,"1234,66"
2025-02-08,7,Saturday,19:00,82,"1389,92"
2025-02-08,7,Saturday,20:00,109,"2083,57"
2025-02-08,7,Saturday,21:00,163,"3544,29"
2025-02-08,7,Saturday,22:00,164,"3258,8"
2025-02-08,7,Saturday,23:00,128,"2612,37"
2025-02-08,7,Saturday,24:00:00,64,"1129,38"
2025-02-08,7,Saturday,25:00:00,43,"550,11"
2025-02-08,7,Saturday,26:00:00,32,"498,8"
2025-02-08,7,Saturday,27:00:00,1,"-74,85"
2025-02-11,3,Tuesday,18:00,1,"17,95"
2025-02-11,3,Tuesday,19:00,9,"146,7"
2025-02-11,3,Tuesday,20:00,2,"33,9"
2025-02-11,3,Tuesday,41:00:00,26,"467,55"
2025-02-11,3,Tuesday,42:00:00,75,"1559,51"
2025-02-11,3,Tuesday,43:00:00,111,2672
2025-02-11,3,Tuesday,44:00:00,175,"4320,49"
2025-02-11,3,Tuesday,45:00:00,191,"4465,35"
2025-02-11,3,Tuesday,46:00:00,183,"3308,66"
2025-02-11,3,Tuesday,47:00:00,218,"4009,84"
2025-02-11,3,Tuesday,48:00:00,153,"2479,38"
2025-02-11,3,Tuesday,49:00:00,108,"1392,92"
2025-02-11,3,Tuesday,50:00:00,15,"51,72"
2025-02-11,3,Tuesday,51:00:00,-22,"-530,9"
2025-02-11,3,Tuesday,52:00:00,-32,"-653,25"
2025-02-13,5,Thursday,-02:00:00,172,"95,8"
2025-02-13,5,Thursday,17:00,3,"82,85"
2025-02-13,5,Thursday,18:00,21,"398,95"
2025-02-13,5,Thursday,19:00,79,"1881,95"
2025-02-13,5,Thursday,20:00,71,"1555,26"
2025-02-13,5,Thursday,21:00,74,"1798,4"
2025-02-13,5,Thursday,22:00,23,"372,94"
2025-02-13,5,Thursday,23:00,35,"434,71"
2025-02-13,5,Thursday,24:00:00,8,"90,4"
2025-02-13,5,Thursday,25:00:00,-8,"-156,6"
2025-02-14,6,Friday,16:00,15,"355,25"
2025-02-14,6,Friday,17:00,58,"1345,89"
2025-02-14,6,Friday,18:00,141,"2999,51"
2025-02-14,6,Friday,19:00,249,"5658,21"
2025-02-14,6,Friday,20:00,253,"6741,77"
2025-02-14,6,Friday,21:00,277,"6838,46"
2025-02-14,6,Friday,22:00,257,"4987,48"
2025-02-14,6,Friday,23:00,209,"3122,9"
2025-02-14,6,Friday,24:00:00,163,"2565,93"
2025-02-14,6,Friday,25:00:00,101,"1659,31"
2025-02-14,6,Friday,26:00:00,34,"593,07"
2025-02-14,6,Friday,27:00:00,3,"39,85"
2025-02-14,6,Friday,28:00:00,-45,"-1053,65"
2025-02-15,7,Saturday,16:00,33,"773,28"
2025-02-15,7,Saturday,17:00,81,"1629,61"
2025-02-15,7,Saturday,18:00,203,"3916,74"
2025-02-15,7,Saturday,19:00,304,"5632,97"
2025-02-15,7,Saturday,20:00,358,"7224,27"
2025-02-15,7,Saturday,21:00,438,"7511,88"
2025-02-15,7,Saturday,22:00,280,"5128,29"
2025-02-15,7,Saturday,23:00,301,"5637,34"
2025-02-15,7,Saturday,24:00:00,169,"3118,17"
2025-02-15,7,Saturday,25:00:00,83,"1584,05"
2025-02-15,7,Saturday,26:00:00,55,"1244,61"
2025-02-15,7,Saturday,27:00:00,14,"212,3"
2025-02-15,7,Saturday,28:00:00,-86,"-1544,6"
2025-02-16,1,Sunday,16:00,5,"71,8"
2025-02-16,1,Sunday,17:00,43,"984,87"
2025-02-16,1,Sunday,18:00,108,"2045,26"
2025-02-16,1,Sunday,19:00,133,"2280,35"
2025-02-16,1,Sunday,20:00,134,"1648,77"
2025-02-16,1,Sunday,21:00,91,"1510,1"
2025-02-16,1,Sunday,22:00,20,"316,21"
2025-02-16,1,Sunday,23:00,12,"511,27"
2025-02-16,1,Sunday,24:00:00,7,"36,6"
2025-02-16,1,Sunday,25:00:00,-15,"-270,25"
2025-02-18,3,Tuesday,17:00,1,"17,95"
2025-02-18,3,Tuesday,18:00,15,"300,45"
2025-02-18,3,Tuesday,19:00,32,"514,55"
2025-02-18,3,Tuesday,20:00,32,"419,37"
2025-02-18,3,Tuesday,21:00,50,"789,45"
2025-02-18,3,Tuesday,22:00,39,"747,68"
2025-02-18,3,Tuesday,23:00,26,"266,35"
2025-02-18,3,Tuesday,24:00:00,3,"27,9"
2025-02-18,3,Tuesday,38:00:00,-8,"-121,6"
2025-02-19,4,Wednesday,16:00,3,"44,85"
2025-02-19,4,Wednesday,17:00,64,"58,81"
2025-02-19,4,Wednesday,18:00,35,"601,85"
2025-02-19,4,Wednesday,19:00,112,"2257,98"
2025-02-19,4,Wednesday,20:00,221,"4270,19"
2025-02-19,4,Wednesday,21:00,304,"4751,59"
2025-02-19,4,Wednesday,22:00,195,"3169,69"
2025-02-19,4,Wednesday,23:00,187,"3251,11"
2025-02-19,4,Wednesday,24:00:00,163,"2555,8"
2025-02-19,4,Wednesday,25:00:00,33,"433,75"
2025-02-19,4,Wednesday,26:00:00,-3,"-36,85"
2025-02-19,4,Wednesday,35:00:00,-1,"-17,95"
2025-02-20,5,Thursday,16:00,1,"14,95"
2025-02-20,5,Thursday,17:00,15,"350,25"
2025-02-20,5,Thursday,18:00,40,"824,95"
2025-02-20,5,Thursday,19:00,153,"3677,46"
2025-02-20,5,Thursday,20:00,235,"4879,47"
2025-02-20,5,Thursday,21:00,243,"4696,88"
2025-02-20,5,Thursday,22:00,77,"1788,04"
2025-02-20,5,Thursday,23:00,57,"1015,14"
2025-02-20,5,Thursday,24:00:00,37,"761,2"
2025-02-20,5,Thursday,25:00:00,26,"578,86"
2025-02-20,5,Thursday,26:00:00,-3,"-103,41"
2025-02-21,6,Friday,16:00,20,319
2025-02-21,6,Friday,17:00,121,2009
2025-02-21,6,Friday,18:00,273,"5200,09"
2025-02-21,6,Friday,19:00,347,"6344,97"
2025-02-21,6,Friday,20:00,539,"9579,19"
2025-02-21,6,Friday,21:00,532,"9358,03"
2025-02-21,6,Friday,22:00,370,"6872,6"
2025-02-21,6,Friday,23:00,336,"5433,64"
2025-02-21,6,Friday,24:00:00,209,"3916,73"
2025-02-21,6,Friday,25:00:00,250,"4271,34"
2025-02-21,6,Friday,26:00:00,118,"1991,82"
2025-02-21,6,Friday,27:00:00,45,"708,29"
2025-02-21,6,Friday,31:00:00,-16,"-231,2"
2025-02-21,6,Friday,32:00:00,21,"405,9"
2025-02-22,7,Saturday,16:00,11,"198,12"
2025-02-22,7,Saturday,17:00,46,"802,71"
2025-02-22,7,Saturday,18:00,120,"2039,51"
2025-02-22,7,Saturday,19:00,232,"4871,07"
2025-02-22,7,Saturday,20:00,368,"6777,04"
2025-02-22,7,Saturday,21:00,439,"8240,4"
2025-02-22,7,Saturday,22:00,166,"3100,91"
2025-02-22,7,Saturday,23:00,204,"3721,85"
2025-02-22,7,Saturday,24:00:00,174,"3268,06"
2025-02-22,7,Saturday,25:00:00,130,"2238,38"
2025-02-22,7,Saturday,26:00:00,44,"719,1"
2025-02-22,7,Saturday,27:00:00,-5,"-98,75"
2025-02-23,1,Sunday,16:00,5,"96,96"
2025-02-23,1,Sunday,17:00,13,"202,81"
2025-02-23,1,Sunday,18:00,22,"390,63"
2025-02-23,1,Sunday,19:00,39,"563,58"
2025-02-23,1,Sunday,20:00,14,"165,72"
2025-02-23,1,Sunday,21:00,8,"94,34"
2025-02-23,1,Sunday,22:00,5,"117,75"
2025-02-23,1,Sunday,23:00,17,"247,15"
2025-02-23,1,Sunday,24:00:00,5,"59,75"
2025-02-23,1,Sunday,25:00:00,-1,"-5,56"
2025-02-25,3,Tuesday,16:00,,
2025-02-25,3,Tuesday,17:00,7,"223,65"
2025-02-25,3,Tuesday,18:00,33,"764,44"
2025-02-25,3,Tuesday,19:00,48,"997,19"
2025-02-25,3,Tuesday,20:00,102,"2263,54"
2025-02-25,3,Tuesday,21:00,50,"989,68"
2025-02-25,3,Tuesday,22:00,41,"502,05"
2025-02-25,3,Tuesday,23:00,35,"981,65"
2025-02-25,3,Tuesday,24:00:00,24,"204,3"
2025-02-25,3,Tuesday,25:00:00,-4,"-161,75"
2025-02-26,4,Wednesday,17:00,20,"144,6"
2025-02-26,4,Wednesday,18:00,74,"1251,37"
2025-02-26,4,Wednesday,19:00,161,"3552,92"
2025-02-26,4,Wednesday,20:00,241,"4479,56"
2025-02-26,4,Wednesday,21:00,280,"4636,77"
2025-02-26,4,Wednesday,22:00,206,"3475,49"
2025-02-26,4,Wednesday,23:00,174,"2814,97"
2025-02-26,4,Wednesday,24:00:00,100,"1610,22"
2025-02-26,4,Wednesday,25:00:00,25,"137,5"
2025-02-26,4,Wednesday,26:00:00,-9,"-144,55"
2025-02-27,5,Thursday,16:00,2,"29,9"
2025-02-27,5,Thursday,17:00,27,"546,75"
2025-02-27,5,Thursday,18:00,72,"1452,02"
2025-02-27,5,Thursday,19:00,143,"2757,26"
2025-02-27,5,Thursday,20:00,185,"3739,39"
2025-02-27,5,Thursday,21:00,153,"2783,6"
2025-02-27,5,Thursday,22:00,78,"1354,05"
2025-02-27,5,Thursday,23:00,36,"504,2"
2025-02-27,5,Thursday,24:00:00,26,"502,8"
2025-02-27,5,Thursday,25:00:00,5,"99,75"
2025-02-28,6,Friday,17:00,10,"132,6"
2025-02-28,6,Friday,18:00,90,"1647,64"
2025-02-28,6,Friday,19:00,165,"3239,81"
2025-02-28,6,Friday,20:00,383,"7397,31"
2025-02-28,6,Friday,21:00,518,"10036,76"
2025-02-28,6,Friday,22:00,393,"7219,44"
2025-02-28,6,Friday,23:00,333,"5864,83"
2025-02-28,6,Friday,24:00:00,246,"4165,96"
2025-02-28,6,Friday,25:00:00,143,"2197,08"
2025-02-28,6,Friday,26:00:00,53,"987,86"
2025-02-28,6,Friday,27:00:00,14,"205,7"
2025-02-28,6,Friday,28:00:00,-3,"-47,85"
2025-03-01,7,Saturday,17:00,,
2025-03-01,7,Saturday,18:00,10,"13,64"
2025-03-01,7,Saturday,19:00,1,
2025-03-01,7,Saturday,20:00,30,
2025-03-01,7,Saturday,21:00,55,"20,48"
2025-03-01,7,Saturday,22:00,12,
2025-03-01,7,Saturday,23:00,13,
2025-03-01,7,Saturday,24:00:00,6,"10,23"
2025-03-01,7,Saturday,25:00:00,2,
2025-03-02,1,Sunday,18:00,15,
2025-03-02,1,Sunday,19:00,27,
2025-03-02,1,Sunday,20:00,29,
2025-03-02,1,Sunday,21:00,34,
2025-03-02,1,Sunday,22:00,31,
2025-03-02,1,Sunday,23:00,9,
2025-03-02,1,Sunday,24:00:00,11,
2025-03-02,1,Sunday,25:00:00,1,
2025-03-03,2,Monday,18:00,4,
2025-03-03,2,Monday,19:00,39,
2025-03-03,2,Monday,20:00,79,"63,9"
2025-03-03,2,Monday,21:00,6,"-63,9"
2025-03-03,2,Monday,22:00,28,
2025-03-03,2,Monday,23:00,15,
2025-03-03,2,Monday,24:00:00,10,"30,95"
2025-03-03,2,Monday,25:00:00,-1,"-30,95"
2025-03-04,3,Tuesday,18:00,3,
2025-03-04,3,Tuesday,19:00,41,"1,87"
2025-03-04,3,Tuesday,20:00,30,"1,87"
2025-03-04,3,Tuesday,21:00,18,"1,26"
2025-03-04,3,Tuesday,22:00,18,
2025-03-04,3,Tuesday,23:00,1,
2025-03-04,3,Tuesday,24:00:00,3,
2025-03-04,3,Tuesday,25:00:00,7,
2025-03-06,5,Thursday,18:00,4,"51,6"
2025-03-06,5,Thursday,19:00,14,"218,45"
2025-03-06,5,Thursday,20:00,23,"460,2"
2025-03-06,5,Thursday,21:00,25,"401,86"
2025-03-06,5,Thursday,22:00,5,"51,7"
2025-03-06,5,Thursday,23:00,4,
2025-03-07,6,Friday,17:00,13,"114,5"
2025-03-07,6,Friday,18:00,73,"1302,52"
2025-03-07,6,Friday,19:00,115,"2219,92"
2025-03-07,6,Friday,20:00,242,"4951,86"
2025-03-07,6,Friday,21:00,266,"4519,12"
2025-03-07,6,Friday,22:00,187,"3216,41"
2025-03-07,6,Friday,23:00,197,"3134,43"
2025-03-07,6,Friday,24:00:00,125,"2361,19"
2025-03-07,6,Friday,25:00:00,52,"913,65"
2025-03-07,6,Friday,26:00:00,5,"61,75"
2025-03-08,7,Saturday,17:00,40,"471,41"
2025-03-08,7,Saturday,18:00,103,"2125,84"
2025-03-08,7,Saturday,19:00,108,"2065,48"
2025-03-08,7,Saturday,20:00,174,"3224,79"
2025-03-08,7,Saturday,21:00,113,"2365,61"
2025-03-08,7,Saturday,22:00,75,"1508,62"
2025-03-08,7,Saturday,23:00,34,"621,5"
2025-03-08,7,Saturday,24:00:00,6,"56,85"
2025-03-08,7,Saturday,25:00:00,-1,"-9,95"
2025-03-09,1,Sunday,16:00,10,"109,85"
2025-03-09,1,Sunday,17:00,13,"180,58"
2025-03-09,1,Sunday,18:00,18,"287,97"
2025-03-09,1,Sunday,19:00,41,"474,5"
2025-03-09,1,Sunday,20:00,26,"243,45"
2025-03-09,1,Sunday,21:00,30,"159,6"
2025-03-09,1,Sunday,22:00,15,"154,5"
2025-03-09,1,Sunday,23:00,7,"17,95"
2025-03-09,1,Sunday,24:00:00,3,"17,95"
2025-03-11,3,Tuesday,18:00,4,"67,8"
2025-03-11,3,Tuesday,19:00,24,"634,8"
2025-03-11,3,Tuesday,20:00,54,"1184,7"
2025-03-11,3,Tuesday,21:00,66,"1185,08"
2025-03-11,3,Tuesday,22:00,31,"486,68"
2025-03-11,3,Tuesday,23:00,12,"173,5"
2025-03-11,3,Tuesday,24:00:00,8,"129,6"
2025-03-12,4,Wednesday,16:00,2,"14,72"
2025-03-12,4,Wednesday,17:00,17,"304,34"
2025-03-12,4,Wednesday,18:00,19,"300,14"
2025-03-12,4,Wednesday,19:00,176,"2864,57"
2025-03-12,4,Wednesday,20:00,286,"4764,76"
2025-03-12,4,Wednesday,21:00,220,"3817,97"
2025-03-12,4,Wednesday,22:00,228,"3857,13"
2025-03-12,4,Wednesday,23:00,148,"2412,8"
2025-03-12,4,Wednesday,24:00:00,82,"1310,18"
2025-03-12,4,Wednesday,25:00:00,61,"1162,95"
2025-03-12,4,Wednesday,26:00:00,5,"85,75"
2025-03-13,5,Thursday,18:00,6,"147,7"
2025-03-13,5,Thursday,19:00,18,"411,15"
2025-03-13,5,Thursday,20:00,56,"987,06"
2025-03-13,5,Thursday,21:00,35,"677,2"
2025-03-13,5,Thursday,22:00,45,"916,55"
2025-03-13,5,Thursday,23:00,35,"686,25"
2025-03-13,5,Thursday,24:00:00,17,"317,1"
2025-03-13,5,Thursday,25:00:00,7,"141,6"
2025-03-14,6,Friday,16:00,3,"54,85"
2025-03-14,6,Friday,17:00,27,"539,2"
2025-03-14,6,Friday,18:00,99,"1831,54"
2025-03-14,6,Friday,19:00,220,"3978,3"
2025-03-14,6,Friday,20:00,482,"9098,09"
2025-03-14,6,Friday,21:00,398,"8066,52"
2025-03-14,6,Friday,22:00,324,"6193,68"
2025-03-14,6,Friday,23:00,275,"4802,46"
2025-03-14,6,Friday,24:00:00,162,"2479,08"
2025-03-14,6,Friday,25:00:00,66,"1046,83"
2025-03-14,6,Friday,26:00:00,9,"117,75"
2025-03-14,6,Friday,27:00:00,-2,"-57,9"
2025-03-15,7,Saturday,16:00,16,"271,2"
2025-03-15,7,Saturday,17:00,37,"678,02"
2025-03-15,7,Saturday,18:00,150,"2917,78"
2025-03-15,7,Saturday,19:00,262,"5580,04"
2025-03-15,7,Saturday,20:00,433,"8750,72"
2025-03-15,7,Saturday,21:00,259,"5671,89"
2025-03-15,7,Saturday,22:00,214,"4085,8"
2025-03-15,7,Saturday,23:00,208,"4149,76"
2025-03-15,7,Saturday,24:00:00,93,"1447,59"
2025-03-15,7,Saturday,25:00:00,20,"237,25"
2025-03-15,7,Saturday,26:00:00,-1,"-34,95"
2025-03-16,1,Sunday,15:00,29,"521,67"
2025-03-16,1,Sunday,16:00,32,"544,84"
2025-03-16,1,Sunday,17:00,40,"782,63"
2025-03-16,1,Sunday,18:00,63,"1058,64"
2025-03-16,1,Sunday,19:00,34,"429,33"
2025-03-16,1,Sunday,20:00,17,"231,6"
2025-03-16,1,Sunday,21:00,2,-1
2025-03-18,3,Tuesday,19:00,19,"493,64"
2025-03-18,3,Tuesday,20:00,27,344
2025-03-18,3,Tuesday,21:00,27,"575,2"
2025-03-18,3,Tuesday,22:00,25,"243,35"
2025-03-18,3,Tuesday,23:00,3,"43,85"
2025-03-19,4,Wednesday,17:00,8,"127,6"
2025-03-19,4,Wednesday,18:00,89,"977,6"
2025-03-19,4,Wednesday,19:00,136,"2874,47"
2025-03-19,4,Wednesday,20:00,327,"5999,81"
2025-03-19,4,Wednesday,21:00,287,"4993,87"
2025-03-19,4,Wednesday,22:00,345,"5573,01"
2025-03-19,4,Wednesday,23:00,289,"4776,13"
2025-03-19,4,Wednesday,24:00:00,132,"2254,05"
2025-03-19,4,Wednesday,25:00:00,97,"1608,9"
2025-03-19,4,Wednesday,26:00:00,19,"296,05"
2025-03-19,4,Wednesday,27:00:00,1,"19,95"
2025-03-20,5,Thursday,17:00,10,"152,5"
2025-03-20,5,Thursday,18:00,34,"702,3"
2025-03-20,5,Thursday,19:00,66,1466
2025-03-20,5,Thursday,20:00,114,"2179,55"
2025-03-20,5,Thursday,21:00,70,"1425,82"
2025-03-20,5,Thursday,22:00,56,"1065,8"
2025-03-20,5,Thursday,23:00,30,"604,8"
2025-03-20,5,Thursday,24:00:00,28,498
2025-03-20,5,Thursday,25:00:00,21,"598,52"
2025-03-20,5,Thursday,26:00:00,-1,"-11,95"
2025-03-21,6,Friday,16:00,5,"104,75"
2025-03-21,6,Friday,17:00,65,"1453,8"
2025-03-21,6,Friday,18:00,289,"5491,48"
2025-03-21,6,Friday,19:00,401,"7204,42"
2025-03-21,6,Friday,20:00,703,"12329,59"
2025-03-21,6,Friday,21:00,488,"10580,57"
2025-03-21,6,Friday,22:00,404,"7223,27"
2025-03-21,6,Friday,23:00,229,"3837,41"
2025-03-21,6,Friday,24:00:00,90,"1739,27"
2025-03-21,6,Friday,25:00:00,13,"232,79"
2025-03-21,6,Friday,26:00:00,1,"1,79"
2025-03-22,7,Saturday,16:00,24,"375,95"
2025-03-22,7,Saturday,17:00,62,"1099,1"
2025-03-22,7,Saturday,18:00,200,4091
2025-03-22,7,Saturday,19:00,302,"5967,95"
2025-03-22,7,Saturday,20:00,398,"7680,6"
2025-03-22,7,Saturday,21:00,336,"6825,71"
2025-03-22,7,Saturday,22:00,283,"5151,43"
2025-03-22,7,Saturday,23:00,237,"3935,92"
2025-03-22,7,Saturday,24:00:00,122,"1932,96"
2025-03-22,7,Saturday,25:00:00,39,"747,36"
2025-03-22,7,Saturday,26:00:00,10,"157,5"
2025-03-23,1,Sunday,17:00,8,
2025-03-23,1,Sunday,18:00,53,"5,56"
2025-03-23,1,Sunday,19:00,20,
2025-03-23,1,Sunday,20:00,7,
2025-03-23,1,Sunday,21:00,19,
2025-03-23,1,Sunday,22:00,2,
2025-03-23,1,Sunday,23:00,15,
2025-03-23,1,Sunday,24:00:00,1,
2025-03-24,2,Monday,17:00,9,
2025-03-24,2,Monday,18:00,43,"460,81"
2025-03-24,2,Monday,19:00,95,"1437,47"
2025-03-24,2,Monday,20:00,88,"1449,59"
2025-03-24,2,Monday,21:00,64,"1027,87"
2025-03-24,2,Monday,22:00,15,"161,92"
2025-03-24,2,Monday,23:00,4,"25,9"
2025-03-25,3,Tuesday,17:00,1,
2025-03-25,3,Tuesday,18:00,3,
2025-03-25,3,Tuesday,19:00,34,"570,52"
2025-03-25,3,Tuesday,20:00,78,"1513,21"
2025-03-25,3,Tuesday,21:00,37,"674,73"
2025-03-25,3,Tuesday,22:00,30,"514,3"
2025-03-25,3,Tuesday,23:00,1,"17,95"
2025-03-26,4,Wednesday,17:00,4,"64,85"
2025-03-26,4,Wednesday,18:00,36,"807,79"
2025-03-26,4,Wednesday,19:00,102,"1971,42"
2025-03-26,4,Wednesday,20:00,178,"4294,89"
2025-03-26,4,Wednesday,21:00,239,"4524,88"
2025-03-26,4,Wednesday,22:00,268,"4709,49"
2025-03-26,4,Wednesday,23:00,211,"3543,82"
2025-03-26,4,Wednesday,24:00:00,131,"2231,96"
2025-03-26,4,Wednesday,25:00:00,43,"769,9"
2025-03-26,4,Wednesday,26:00:00,6,"83,7"
2025-03-27,5,Thursday,17:00,8,"138,6"
2025-03-27,5,Thursday,18:00,45,"1226,93"
2025-03-27,5,Thursday,19:00,139,"2767,73"
2025-03-27,5,Thursday,20:00,121,"2383,08"
2025-03-27,5,Thursday,21:00,63,"1253,33"
2025-03-27,5,Thursday,22:00,39,"874,18"
2025-03-27,5,Thursday,23:00,23,"457,16"
2025-03-27,5,Thursday,24:00:00,4,"71,8"
2025-03-28,6,Friday,17:00,13,"153,85"
2025-03-28,6,Friday,18:00,107,"2028,35"
2025-03-28,6,Friday,19:00,219,"4366,64"
2025-03-28,6,Friday,20:00,343,"6894,36"
2025-03-28,6,Friday,21:00,294,"5387,85"
2025-03-28,6,Friday,22:00,308,"5821,03"
2025-03-28,6,Friday,23:00,249,"4826,33"
2025-03-28,6,Friday,24:00:00,94,"1637,4"
2025-03-28,6,Friday,25:00:00,7,"97,65"
2025-03-29,7,Saturday,16:00,22,"430,27"
2025-03-29,7,Saturday,17:00,51,"939,77"
2025-03-29,7,Saturday,18:00,144,"2383,18"
2025-03-29,7,Saturday,19:00,126,"2449,41"
2025-03-29,7,Saturday,20:00,241,"5085,23"
2025-03-29,7,Saturday,21:00,202,"3884,49"
2025-03-29,7,Saturday,22:00,158,"2736,26"
2025-03-29,7,Saturday,23:00,92,"1596,04"
2025-03-29,7,Saturday,24:00:00,42,"697,71"
2025-03-29,7,Saturday,25:00:00,7,"128,65"
2025-03-30,1,Sunday,16:00,13,"319,35"
2025-03-30,1,Sunday,17:00,27,"618,75"
2025-03-30,1,Sunday,18:00,44,"1124,9"
2025-03-30,1,Sunday,19:00,44,808
2025-03-30,1,Sunday,20:00,49,"993,9"
2025-03-30,1,Sunday,21:00,21,301
2025-03-30,1,Sunday,22:00,12,"193,35"
2025-04-01,3,Tuesday,17:00,3,"75,85"
2025-04-01,3,Tuesday,18:00,4,"78,75"
2025-04-01,3,Tuesday,19:00,4,"77,31"
2025-04-02,4,Wednesday,16:00,2,"35,9"
2025-04-02,4,Wednesday,17:00,1,"0,71"
2025-04-02,4,Wednesday,18:00,61,"1245,93"
2025-04-02,4,Wednesday,19:00,205,"3990,9"
2025-04-02,4,Wednesday,20:00,286,"5818,55"
2025-04-02,4,Wednesday,21:00,287,"5114,36"
2025-04-02,4,Wednesday,22:00,188,"3354,29"
2025-04-02,4,Wednesday,23:00,133,"2349,15"
2025-04-02,4,Wednesday,24:00:00,65,"1112,7"
2025-04-02,4,Wednesday,25:00:00,36,"700,05"
2025-04-02,4,Wednesday,26:00:00,-9,"-221,29"
2025-04-03,5,Thursday,17:00,15,"341,25"
2025-04-03,5,Thursday,18:00,75,"1127,21"
2025-04-03,5,Thursday,19:00,176,"2941,18"
2025-04-03,5,Thursday,20:00,365,"5700,86"
2025-04-03,5,Thursday,21:00,319,"6077,95"
2025-04-03,5,Thursday,22:00,260,"4133,04"
2025-04-03,5,Thursday,23:00,178,"2892,33"
2025-04-03,5,Thursday,24:00:00,56,"965,51"
2025-04-03,5,Thursday,25:00:00,18,"215,13"
2025-04-03,5,Thursday,26:00:00,3,"48,46"
2025-04-04,6,Friday,16:00,22,"254,3"
2025-04-04,6,Friday,17:00,58,"1109,17"
2025-04-04,6,Friday,18:00,357,"6244,42"
2025-04-04,6,Friday,19:00,599,"11911,03"
2025-04-04,6,Friday,20:00,595,"10731,93"
2025-04-04,6,Friday,21:00,482,"9497,25"
2025-04-04,6,Friday,22:00,498,"8044,02"
2025-04-04,6,Friday,23:00,349,"5911,04"
2025-04-04,6,Friday,24:00:00,192,"3324,66"
2025-04-04,6,Friday,25:00:00,80,"1084,25"
2025-04-04,6,Friday,26:00:00,6,"97,65"
2025-04-05,7,Saturday,16:00,13,"195,83"
2025-04-05,7,Saturday,17:00,114,"2043,11"
2025-04-05,7,Saturday,18:00,152,"2849,41"
2025-04-05,7,Saturday,19:00,164,"3022,66"
2025-04-05,7,Saturday,20:00,297,"5765,63"
2025-04-05,7,Saturday,21:00,246,"5085,9"
2025-04-05,7,Saturday,22:00,259,"5606,93"
2025-04-05,7,Saturday,23:00,213,"4153,07"
2025-04-05,7,Saturday,24:00:00,171,"3170,2"
2025-04-05,7,Saturday,25:00:00,62,"1155,19"
2025-04-05,7,Saturday,26:00:00,10,"124,34"
2025-04-06,1,Sunday,17:00,46,
2025-04-06,1,Sunday,18:00,11,
2025-04-06,1,Sunday,19:00,57,
2025-04-06,1,Sunday,20:00,4,"16,03"
2025-04-06,1,Sunday,21:00,15,"70,66"
2025-04-06,1,Sunday,22:00,5,
2025-04-06,1,Sunday,23:00,3,"23,06"
2025-04-06,1,Sunday,24:00:00,1,"20,96"
2025-04-08,3,Tuesday,18:00,11,"121,7"
2025-04-08,3,Tuesday,19:00,42,"464,35"
2025-04-08,3,Tuesday,20:00,97,"1679,99"
2025-04-08,3,Tuesday,21:00,107,"1689,87"
2025-04-08,3,Tuesday,22:00,39,"411,4"
2025-04-08,3,Tuesday,23:00,25,"371,9"
2025-04-08,3,Tuesday,24:00:00,4,"81,8"
2025-04-09,4,Wednesday,17:00,11,"259,78"
2025-04-09,4,Wednesday,18:00,95,"2076,17"
2025-04-09,4,Wednesday,19:00,259,"5875,27"
2025-04-09,4,Wednesday,20:00,369,"6477,91"
2025-04-09,4,Wednesday,21:00,337,"5809,05"
2025-04-09,4,Wednesday,22:00,271,"4652,81"
2025-04-09,4,Wednesday,23:00,218,"3858,13"
2025-04-09,4,Wednesday,24:00:00,86,"1032,28"
2025-04-09,4,Wednesday,25:00:00,35,"514,45"
2025-04-09,4,Wednesday,26:00:00,-2,"-193,8"
2025-04-10,5,Thursday,17:00,19,"260,17"
2025-04-10,5,Thursday,18:00,56,"1357,3"
2025-04-10,5,Thursday,19:00,122,"2620,48"
2025-04-10,5,Thursday,20:00,264,"5427,77"
2025-04-10,5,Thursday,21:00,232,"4158,84"
2025-04-10,5,Thursday,22:00,189,"3617,76"
2025-04-10,5,Thursday,23:00,152,"2417,32"
2025-04-10,5,Thursday,24:00:00,71,"1183,25"
2025-04-10,5,Thursday,25:00:00,8,"106,1"
2025-04-11,6,Friday,16:00,7,"96,7"
2025-04-11,6,Friday,17:00,87,"1679,08"
2025-04-11,6,Friday,18:00,197,"4701,82"
2025-04-11,6,Friday,19:00,300,"6867,78"
2025-04-11,6,Friday,20:00,413,"8143,03"
2025-04-11,6,Friday,21:00,393,"7483,75"
2025-04-11,6,Friday,22:00,304,"5468,09"
2025-04-11,6,Friday,23:00,204,"3643,06"
2025-04-11,6,Friday,24:00:00,93,"1501,1"
2025-04-11,6,Friday,25:00:00,26,"474,15"
2025-04-12,7,Saturday,16:00,13,"279,35"
2025-04-12,7,Saturday,17:00,46,"857,41"
2025-04-12,7,Saturday,18:00,130,"2923,01"
2025-04-12,7,Saturday,19:00,265,"5516,3"
2025-04-12,7,Saturday,20:00,322,"7099,32"
2025-04-12,7,Saturday,21:00,205,"4067,26"
2025-04-12,7,Saturday,22:00,207,"4332,73"
2025-04-12,7,Saturday,23:00,147,"2565,99"
2025-04-12,7,Saturday,24:00:00,71,"1363,7"
2025-04-12,7,Saturday,25:00:00,32,"530,45"
2025-04-12,7,Saturday,26:00:00,-1,"-5,56"
2025-04-13,1,Sunday,16:00,1,"7,23"
2025-04-13,1,Sunday,17:00,7,"88,65"
2025-04-13,1,Sunday,18:00,23,"480,1"
2025-04-13,1,Sunday,19:00,25,"412,28"
2025-04-13,1,Sunday,20:00,9,"169,55"
2025-04-13,1,Sunday,21:00,6,"141,65"
2025-04-13,1,Sunday,22:00,1,"21,95"
2025-04-13,1,Sunday,23:00,1,"31,95"
2025-04-15,3,Tuesday,18:00,4,"43,85"
2025-04-15,3,Tuesday,19:00,4,"54,8"
2025-04-15,3,Tuesday,21:00,8,"137,75"
2025-04-15,3,Tuesday,22:00,5,"53,85"
2025-04-16,4,Wednesday,17:00,7,"117,6"
2025-04-16,4,Wednesday,18:00,97,"1796,06"
2025-04-16,4,Wednesday,19:00,270,"5142,14"
2025-04-16,4,Wednesday,20:00,411,"7910,82"
2025-04-16,4,Wednesday,21:00,311,"5500,57"
2025-04-16,4,Wednesday,22:00,311,"5399,8"
2025-04-16,4,Wednesday,23:00,221,"3659,85"
2025-04-16,4,Wednesday,24:00:00,99,"1479,55"
2025-04-16,4,Wednesday,25:00:00,14,"179,45"
2025-04-17,5,Thursday,17:00,26,"591,73"
2025-04-17,5,Thursday,18:00,156,"3146,46"
2025-04-17,5,Thursday,19:00,350,"7256,53"
2025-04-17,5,Thursday,20:00,714,"13849,33"
2025-04-17,5,Thursday,21:00,514,"9639,4"
2025-04-17,5,Thursday,22:00,540,"9573,7"
2025-04-17,5,Thursday,23:00,427,"7024,94"
2025-04-17,5,Thursday,24:00:00,303,"5701,62"
2025-04-17,5,Thursday,25:00:00,114,"1809,72"
2025-04-17,5,Thursday,26:00:00,35,"370,09"
2025-04-17,5,Thursday,27:00:00,-5,"-75,36"
2025-04-18,6,Friday,16:00,5,"90,75"
2025-04-18,6,Friday,17:00,7,"135,21"
2025-04-18,6,Friday,18:00,18,"257,56"
2025-04-18,6,Friday,19:00,75,"1168,28"
2025-04-18,6,Friday,20:00,125,"2589,36"
2025-04-18,6,Friday,21:00,105,"1614,75"
2025-04-18,6,Friday,22:00,75,"1274,95"
2025-04-18,6,Friday,23:00,58,"905,71"
2025-04-18,6,Friday,24:00:00,14,"230,35"
2025-04-19,7,Saturday,16:00,14,"166,52"
2025-04-19,7,Saturday,17:00,41,"785,63"
2025-04-19,7,Saturday,18:00,141,"2959,57"
2025-04-19,7,Saturday,19:00,190,"3596,31"
2025-04-19,7,Saturday,20:00,387,"7454,84"
2025-04-19,7,Saturday,21:00,262,"5414,89"
2025-04-19,7,Saturday,22:00,252,"4622,11"
2025-04-19,7,Saturday,23:00,202,"4236,11"
2025-04-19,7,Saturday,24:00:00,69,"1388,51"
2025-04-19,7,Saturday,25:00:00,9,"-38,45"
2025-04-19,7,Saturday,26:00:00,2,"27,9"
2025-04-20,1,Sunday,17:00,6,"21,46"
2025-04-20,1,Sunday,18:00,9,
2025-04-20,1,Sunday,19:00,21,
2025-04-20,1,Sunday,20:00,37,
2025-04-20,1,Sunday,21:00,62,
2025-04-20,1,Sunday,22:00,23,
2025-04-20,1,Sunday,23:00,5,
2025-04-20,1,Sunday,24:00:00,12,"11,16"
2025-04-20,1,Sunday,25:00:00,21,
2025-04-21,2,Monday,17:00,38,"395,95"
2025-04-21,2,Monday,18:00,51,"839,82"
2025-04-21,2,Monday,19:00,68,"1133,9"
2025-04-21,2,Monday,20:00,83,"1179,65"
2025-04-21,2,Monday,21:00,19,"389,15"
2025-04-21,2,Monday,22:00,3,"-27,95"
2025-04-23,4,Wednesday,18:00,13,"247,55"
2025-04-23,4,Wednesday,19:00,67,"1416,11"
2025-04-23,4,Wednesday,20:00,263,"5302,43"
2025-04-23,4,Wednesday,21:00,190,"3690,62"
2025-04-23,4,Wednesday,22:00,250,"4178,71"
2025-04-23,4,Wednesday,23:00,166,"3372,2"
2025-04-23,4,Wednesday,24:00:00,109,"2029,12"
2025-04-23,4,Wednesday,25:00:00,77,"1272,11"
2025-04-23,4,Wednesday,26:00:00,-4,"-47,8"
2025-04-24,5,Thursday,16:00,1,
2025-04-24,5,Thursday,17:00,6,"85,91"
2025-04-24,5,Thursday,18:00,16,"359,2"
2025-04-24,5,Thursday,19:00,65,"1154,9"
2025-04-24,5,Thursday,20:00,280,"4836,26"
2025-04-24,5,Thursday,21:00,171,"3301,19"
2025-04-24,5,Thursday,22:00,184,"3587,07"
2025-04-24,5,Thursday,23:00,186,"2819,09"
2025-04-24,5,Thursday,24:00:00,39,"734,56"
2025-04-24,5,Thursday,25:00:00,5,"81,75"
2025-04-25,6,Friday,16:00,8,"313,6"
2025-04-25,6,Friday,17:00,41,"788,76"
2025-04-25,6,Friday,18:00,132,"2760,36"
2025-04-25,6,Friday,19:00,200,"4127,13"
2025-04-25,6,Friday,20:00,424,"8335,56"
2025-04-25,6,Friday,21:00,270,"5416,55"
2025-04-25,6,Friday,22:00,284,"4831,93"
2025-04-25,6,Friday,23:00,244,"4034,73"
2025-04-25,6,Friday,24:00:00,57,"994,67"
2025-04-25,6,Friday,25:00:00,9,"108,65"
2025-04-26,7,Saturday,16:00,4,"100,41"
2025-04-26,7,Saturday,17:00,23,"420,82"
2025-04-26,7,Saturday,18:00,71,"1401,99"
2025-04-26,7,Saturday,19:00,139,"3025,43"
2025-04-26,7,Saturday,20:00,260,"4823,46"
2025-04-26,7,Saturday,21:00,150,"2920,67"
2025-04-26,7,Saturday,22:00,153,"3021,1"
2025-04-26,7,Saturday,23:00,130,"2025,65"
2025-04-26,7,Saturday,24:00:00,61,"1118,28"
2025-04-26,7,Saturday,25:00:00,28,"347,85"
2025-04-26,7,Saturday,26:00:00,3,"21,95"
2025-04-27,1,Sunday,16:00,2,
2025-04-27,1,Sunday,17:00,3,
2025-04-27,1,Sunday,18:00,50,
2025-04-27,1,Sunday,19:00,31,"5,56"
2025-04-27,1,Sunday,20:00,26,"48,82"
2025-04-27,1,Sunday,21:00,36,"26,48"
2025-04-27,1,Sunday,22:00,33,"80,93"
2025-04-27,1,Sunday,23:00,22,"75,45"
2025-04-27,1,Sunday,24:00:00,20,
2025-04-30,4,Wednesday,17:00,9,"200,77"
2025-04-30,4,Wednesday,18:00,143,"3574,16"
2025-04-30,4,Wednesday,19:00,337,"6950,78"
2025-04-30,4,Wednesday,20:00,716,"13605,3"
2025-04-30,4,Wednesday,21:00,506,"9872,31"
2025-04-30,4,Wednesday,22:00,381,"6297,03"
2025-04-30,4,Wednesday,23:00,327,"5723,39"
2025-04-30,4,Wednesday,24:00:00,160,"2711,96"
2025-04-30,4,Wednesday,25:00:00,46,"824,46"
2025-04-30,4,Wednesday,26:00:00,6,"45,58"
2025-05-01,5,Thursday,16:00,28,"923,97"
2025-05-01,5,Thursday,17:00,121,"2076,32"
2025-05-01,5,Thursday,18:00,248,"6776,13"
2025-05-01,5,Thursday,19:00,494,"10194,78"
2025-05-01,5,Thursday,20:00,575,9858
2025-05-01,5,Thursday,21:00,377,"6917,6"
2025-05-01,5,Thursday,22:00,275,"4763,57"
2025-05-01,5,Thursday,23:00,194,"3600,02"
2025-05-01,5,Thursday,24:00:00,70,"1106,7"
2025-05-01,5,Thursday,25:00:00,13,"-258,82"
2025-05-01,5,Thursday,26:00:00,6,"75,38"
2025-05-02,6,Friday,16:00,17,"262,51"
2025-05-02,6,Friday,17:00,38,"723,35"
2025-05-02,6,Friday,18:00,110,"2341,82"
2025-05-02,6,Friday,19:00,176,"4040,88"
2025-05-02,6,Friday,20:00,450,"8375,17"
2025-05-02,6,Friday,21:00,208,"3964,1"
2025-05-02,6,Friday,22:00,212,"3661,28"
2025-05-02,6,Friday,23:00,238,"4023,01"
2025-05-02,6,Friday,24:00:00,70,"1344,25"
2025-05-02,6,Friday,25:00:00,9,"110,65"
2025-05-03,7,Saturday,16:00,1,"5,56"
2025-05-03,7,Saturday,17:00,4,"119,8"
2025-05-03,7,Saturday,18:00,26,"406,7"
2025-05-03,7,Saturday,19:00,40,"724,83"
2025-05-03,7,Saturday,20:00,86,"1357,45"
2025-05-03,7,Saturday,21:00,40,"704,69"
2025-05-03,7,Saturday,22:00,48,"605,76"
2025-05-03,7,Saturday,23:00,12,"245,4"
2025-05-03,7,Saturday,24:00:00,3,"53,85"
2025-05-04,1,Sunday,16:00,8,
2025-05-04,1,Sunday,17:00,16,
2025-05-04,1,Sunday,18:00,9,"51,63"
2025-05-04,1,Sunday,19:00,68,
2025-05-04,1,Sunday,20:00,28,
2025-05-04,1,Sunday,21:00,36,"113,46"
2025-05-04,1,Sunday,22:00,1,
2025-05-04,1,Sunday,23:00,3,
2025-05-04,1,Sunday,24:00:00,-1,"-34,95"
2025-05-07,4,Wednesday,15:00,2,"29,11"
2025-05-07,4,Wednesday,17:00,10,"34,5"
2025-05-07,4,Wednesday,18:00,52,"1143,47"
2025-05-07,4,Wednesday,19:00,235,"4589,71"
2025-05-07,4,Wednesday,20:00,432,"9777,15"
2025-05-07,4,Wednesday,21:00,250,"4676,69"
2025-05-07,4,Wednesday,22:00,246,"4711,34"
2025-05-07,4,Wednesday,23:00,206,"3562,33"
2025-05-07,4,Wednesday,24:00:00,142,"2450,39"
2025-05-07,4,Wednesday,25:00:00,64,"900,84"
2025-05-07,4,Wednesday,26:00:00,5,"64,75"
2025-05-08,5,Thursday,17:00,2,"21,9"
2025-05-08,5,Thursday,18:00,10,"208,5"
2025-05-08,5,Thursday,19:00,28,"589,7"
2025-05-08,5,Thursday,20:00,56,"1342,15"
2025-05-08,5,Thursday,21:00,49,"658,26"
2025-05-08,5,Thursday,22:00,30,"349,95"
2025-05-08,5,Thursday,23:00,8,"80,85"
2025-05-08,5,Thursday,24:00:00,1,"19,95"
2025-05-09,6,Friday,16:00,5,"89,75"
2025-05-09,6,Friday,17:00,44,"939,06"
2025-05-09,6,Friday,18:00,107,"2678,67"
2025-05-09,6,Friday,19:00,210,"5406,24"
2025-05-09,6,Friday,20:00,420,"10073,21"
2025-05-09,6,Friday,21:00,221,"4970,49"
2025-05-09,6,Friday,22:00,196,"4103,42"
2025-05-09,6,Friday,23:00,82,"1481,88"
2025-05-09,6,Friday,24:00:00,36,"483,36"
2025-05-09,6,Friday,25:00:00,13,"89,01"
2025-05-10,7,Saturday,16:00,12,"246,41"
2025-05-10,7,Saturday,17:00,52,"1303,42"
2025-05-10,7,Saturday,18:00,167,"3800,54"
2025-05-10,7,Saturday,19:00,234,"5255,6"
2025-05-10,7,Saturday,20:00,328,"6975,45"
2025-05-10,7,Saturday,21:00,190,"4181,35"
2025-05-10,7,Saturday,22:00,175,"3859,17"
2025-05-10,7,Saturday,23:00,84,"1695,82"
2025-05-10,7,Saturday,24:00:00,29,"537,55"
2025-05-10,7,Saturday,25:00:00,-1,"-71,8"
2025-05-11,1,Sunday,17:00,1,
2025-05-11,1,Sunday,18:00,47,
2025-05-11,1,Sunday,19:00,21,"11,13"
2025-05-11,1,Sunday,20:00,20,
2025-05-11,1,Sunday,21:00,36,"48,82"
2025-05-11,1,Sunday,22:00,14,"-11,18"
2025-05-11,1,Sunday,23:00,6,"11,16"
2025-05-14,4,Wednesday,16:00,11,"232,72"
2025-05-14,4,Wednesday,17:00,13,"351,51"
2025-05-14,4,Wednesday,18:00,51,"1439,4"
2025-05-14,4,Wednesday,19:00,138,"2366,85"
2025-05-14,4,Wednesday,20:00,237,"5795,21"
2025-05-14,4,Wednesday,21:00,183,"4252,77"
2025-05-14,4,Wednesday,22:00,162,"3966,81"
2025-05-14,4,Wednesday,23:00,133,"2923,37"
2025-05-14,4,Wednesday,24:00:00,98,"1813,4"
2025-05-14,4,Wednesday,25:00:00,45,"833,65"
2025-05-14,4,Wednesday,26:00:00,10,"110,55"
2025-05-15,5,Thursday,16:00,2,"52,9"
2025-05-15,5,Thursday,17:00,9,"85,87"
2025-05-15,5,Thursday,18:00,22,"704,31"
2025-05-15,5,Thursday,19:00,29,"840,68"
2025-05-15,5,Thursday,20:00,56,"1201,68"
2025-05-15,5,Thursday,21:00,34,"756,5"
2025-05-15,5,Thursday,22:00,36,"730,8"
2025-05-15,5,Thursday,23:00,23,"453,05"
2025-05-15,5,Thursday,24:00:00,8,"33,9"
2025-05-15,5,Thursday,25:00:00,1,"18,95"
2025-05-16,6,Friday,16:00,17,"430,85"
2025-05-16,6,Friday,17:00,52,"1421,11"
2025-05-16,6,Friday,18:00,146,"4104,96"
2025-05-16,6,Friday,19:00,335,"7512,85"
2025-05-16,6,Friday,20:00,442,"10791,02"
2025-05-16,6,Friday,21:00,298,"6416,67"
2025-05-16,6,Friday,22:00,327,"6677,96"
2025-05-16,6,Friday,23:00,188,"3753,02"
2025-05-16,6,Friday,24:00:00,108,"2402,75"
2025-05-16,6,Friday,25:00:00,43,"760,32"
2025-05-16,6,Friday,26:00:00,-4,"-160,04"
2025-05-17,7,Saturday,16:00,14,"170,81"
2025-05-17,7,Saturday,17:00,35,"737,24"
2025-05-17,7,Saturday,18:00,143,"2607,02"
2025-05-17,7,Saturday,19:00,243,"5320,74"
2025-05-17,7,Saturday,20:00,343,"7862,16"
2025-05-17,7,Saturday,21:00,231,"4979,25"
2025-05-17,7,Saturday,22:00,201,"4858,25"
2025-05-17,7,Saturday,23:00,120,"2088,94"
2025-05-17,7,Saturday,24:00:00,55,"1067,92"
2025-05-17,7,Saturday,25:00:00,-3,"20,14"
2025-05-18,1,Sunday,16:00,2,"24,95"
2025-05-18,1,Sunday,17:00,4,
2025-05-18,1,Sunday,18:00,14,
2025-05-18,1,Sunday,19:00,10,
2025-05-18,1,Sunday,20:00,10,10
2025-05-18,1,Sunday,21:00,18,34
2025-05-18,1,Sunday,22:00,22,"104,95"
2025-05-18,1,Sunday,23:00,,"-33,78"
2025-05-21,4,Wednesday,16:00,3,"79,85"
2025-05-21,4,Wednesday,17:00,8,"154,74"
2025-05-21,4,Wednesday,18:00,44,"1218,11"
2025-05-21,4,Wednesday,19:00,127,"2438,05"
2025-05-21,4,Wednesday,20:00,218,"4825,06"
2025-05-21,4,Wednesday,21:00,194,"4017,64"
2025-05-21,4,Wednesday,22:00,169,"3989,51"
2025-05-21,4,Wednesday,23:00,134,"2562,26"
2025-05-21,4,Wednesday,24:00:00,71,"899,2"
2025-05-21,4,Wednesday,25:00:00,,-1
2025-05-22,5,Thursday,17:00,3,"11,13"
2025-05-22,5,Thursday,18:00,7,"134,2"
2025-05-22,5,Thursday,19:00,46,"862,87"
2025-05-22,5,Thursday,20:00,81,"1532,36"
2025-05-22,5,Thursday,21:00,45,"661,41"
2025-05-22,5,Thursday,22:00,31,"557,14"
2025-05-22,5,Thursday,23:00,23,"282,71"
2025-05-22,5,Thursday,24:00:00,2,"46,16"
2025-05-23,6,Friday,16:00,3,"30,85"
2025-05-23,6,Friday,17:00,38,"879,92"
2025-05-23,6,Friday,18:00,151,"3409,39"
2025-05-23,6,Friday,19:00,294,"7117,24"
2025-05-23,6,Friday,20:00,385,"9397,68"
2025-05-23,6,Friday,21:00,255,"6637,41"
2025-05-23,6,Friday,22:00,229,"5464,57"
2025-05-23,6,Friday,23:00,224,"4576,72"
2025-05-23,6,Friday,24:00:00,76,"1707,2"
2025-05-23,6,Friday,25:00:00,49,"693,85"
2025-05-23,6,Friday,26:00:00,,"-25,95"
2025-05-24,7,Saturday,16:00,13,"234,33"
2025-05-24,7,Saturday,17:00,74,"1545,84"
2025-05-24,7,Saturday,18:00,182,"4160,06"
2025-05-24,7,Saturday,19:00,279,"5875,64"
2025-05-24,7,Saturday,20:00,409,"8626,67"
2025-05-24,7,Saturday,21:00,203,"4376,04"
2025-05-24,7,Saturday,22:00,183,"4243,73"
2025-05-24,7,Saturday,23:00,125,"2362,86"
2025-05-24,7,Saturday,24:00:00,35,"687,84"
2025-05-25,1,Sunday,16:00,10,
2025-05-25,1,Sunday,17:00,36,
2025-05-25,1,Sunday,18:00,36,
2025-05-25,1,Sunday,19:00,30,
2025-05-25,1,Sunday,20:00,6,
2025-05-25,1,Sunday,21:00,24,
2025-05-25,1,Sunday,22:00,3,
2025-05-25,1,Sunday,23:00,15,"95,4"
2025-05-25,1,Sunday,24:00:00,-12,"-95,4"
2025-05-28,4,Wednesday,17:00,15,"185,82"
2025-05-28,4,Wednesday,18:00,44,"944,56"
2025-05-28,4,Wednesday,19:00,144,"2715,45"
2025-05-28,4,Wednesday,20:00,213,"5465,73"
2025-05-28,4,Wednesday,21:00,189,"4430,74"
2025-05-28,4,Wednesday,22:00,163,"3400,86"
2025-05-28,4,Wednesday,23:00,162,"3056,43"
2025-05-28,4,Wednesday,24:00:00,101,"1781,78"
2025-05-28,4,Wednesday,25:00:00,20,"270,15"
2025-05-28,4,Wednesday,26:00:00,8,"7,95"
2025-05-29,5,Thursday,17:00,6,"111,7"
2025-05-29,5,Thursday,18:00,21,"562,85"
2025-05-29,5,Thursday,19:00,63,"1519,58"
2025-05-29,5,Thursday,20:00,88,"1612,2"
2025-05-29,5,Thursday,21:00,61,"1222,92"
2025-05-29,5,Thursday,22:00,35,"826,65"
2025-05-29,5,Thursday,23:00,19,"179,4"
2025-05-29,5,Thursday,24:00:00,6,"45,96"
2025-05-30,6,Friday,17:00,22,"520,42"
2025-05-30,6,Friday,18:00,115,"3223,74"
2025-05-30,6,Friday,19:00,172,"3648,48"
2025-05-30,6,Friday,20:00,383,"10176,66"
2025-05-30,6,Friday,21:00,315,"7760,25"
2025-05-30,6,Friday,22:00,345,"7878,39"
2025-05-30,6,Friday,23:00,313,"6809,78"
2025-05-30,6,Friday,24:00:00,179,"3233,13"
2025-05-30,6,Friday,25:00:00,45,"690,61"
2025-05-30,6,Friday,26:00:00,4,"27,8"
2025-05-31,7,Saturday,15:00,3,"44,85"
2025-05-31,7,Saturday,16:00,19,"448,67"
2025-05-31,7,Saturday,17:00,21,"548,75"
2025-05-31,7,Saturday,18:00,86,"1882,13"
2025-05-31,7,Saturday,19:00,129,"2805,54"
2025-05-31,7,Saturday,20:00,214,"4365,53"
2025-05-31,7,Saturday,21:00,138,"2764,96"
2025-05-31,7,Saturday,22:00,111,"2761,45"
2025-05-31,7,Saturday,23:00,81,"1608,1"
2025-05-31,7,Saturday,24:00:00,31,"552,96"
2025-05-31,7,Saturday,25:00:00,3,"59,85"
2025-05-31,7,Saturday,68:00:00,-2,"-40,1"
2025-06-01,1,Sunday,16:00,15,"5,56"
2025-06-01,1,Sunday,17:00,46,"172,7"
2025-06-01,1,Sunday,18:00,34,"89,85"
2025-06-01,1,Sunday,19:00,28,
2025-06-01,1,Sunday,20:00,27,"-39,95"
2025-06-01,1,Sunday,21:00,9,"11,16"
2025-06-01,1,Sunday,22:00,7,"61,28"
2025-06-01,1,Sunday,23:00,1,"24,18"
2025-06-01,1,Sunday,24:00:00,-1,"-13,95"
2025-06-02,2,Monday,16:00,1,
2025-06-02,2,Monday,17:00,3,"44,85"
2025-06-02,2,Monday,18:00,14,"435,86"
2025-06-02,2,Monday,19:00,53,"1146,64"
2025-06-02,2,Monday,20:00,80,"1647,06"
2025-06-02,2,Monday,21:00,83,"1199,83"
2025-06-02,2,Monday,22:00,47,"724,93"
2025-06-02,2,Monday,23:00,27,"472,12"
2025-06-04,4,Wednesday,16:00,2,"21,9"
2025-06-04,4,Wednesday,17:00,3,"184,55"
2025-06-04,4,Wednesday,18:00,55,"1611,48"
2025-06-04,4,Wednesday,19:00,161,"3289,05"
2025-06-04,4,Wednesday,20:00,284,"7237,49"
2025-06-04,4,Wednesday,21:00,191,"4748,71"
2025-06-04,4,Wednesday,22:00,180,"4161,37"
2025-06-04,4,Wednesday,23:00,169,"3229,35"
2025-06-04,4,Wednesday,24:00:00,54,"891,45"
2025-06-04,4,Wednesday,25:00:00,27,"264,33"
2025-06-05,5,Thursday,16:00,2,"21,9"
2025-06-05,5,Thursday,17:00,6,"98,7"
2025-06-05,5,Thursday,18:00,25,"747,3"
2025-06-05,5,Thursday,19:00,37,"1223,29"
2025-06-05,5,Thursday,20:00,37,"621,25"
2025-06-05,5,Thursday,21:00,15,"274,12"
2025-06-05,5,Thursday,22:00,9,"127,72"
2025-06-05,5,Thursday,23:00,10,"145,44"
2025-06-05,5,Thursday,24:00:00,-1,"-7,95"
2025-06-06,6,Friday,16:00,13,"214,96"
2025-06-06,6,Friday,17:00,33,"719,76"
2025-06-06,6,Friday,18:00,156,"4105,1"
2025-06-06,6,Friday,19:00,288,"6322,61"
2025-06-06,6,Friday,20:00,530,"12548,54"
2025-06-06,6,Friday,21:00,392,"8932,81"
2025-06-06,6,Friday,22:00,343,"8304,75"
2025-06-06,6,Friday,23:00,373,"9316,14"
2025-06-06,6,Friday,24:00:00,187,"3497,88"
2025-06-06,6,Friday,25:00:00,60,"985,84"
2025-06-06,6,Friday,26:00:00,-2,"-67,3"
2025-06-06,6,Friday,27:00:00,-3,"-19,07"
2025-06-07,7,Saturday,16:00,10,"159,13"
2025-06-07,7,Saturday,17:00,71,"1768,55"
2025-06-07,7,Saturday,18:00,153,"3651,79"
2025-06-07,7,Saturday,19:00,206,"5445,16"
2025-06-07,7,Saturday,20:00,242,"6220,54"
2025-06-07,7,Saturday,21:00,168,"4322,38"
2025-06-07,7,Saturday,22:00,181,"3718,41"
2025-06-07,7,Saturday,23:00,94,"1923,28"
2025-06-07,7,Saturday,24:00:00,38,"687,53"
2025-06-07,7,Saturday,25:00:00,3,"90,96"
2025-06-08,1,Sunday,16:00,3,
2025-06-08,1,Sunday,17:00,36,"190,8"
2025-06-08,1,Sunday,18:00,47,"205,11"
2025-06-08,1,Sunday,19:00,31,140
2025-06-08,1,Sunday,20:00,30,"79,5"
2025-06-08,1,Sunday,21:00,30,"170,74"
2025-06-08,1,Sunday,22:00,17,"24,46"
2025-06-08,1,Sunday,23:00,39,"-564,45"
2025-06-08,1,Sunday,24:00:00,5,
2025-06-08,1,Sunday,25:00:00,3,"-34,95"
2025-06-09,2,Monday,17:00,2,"11,12"
2025-06-09,2,Monday,18:00,13,"127,05"
2025-06-09,2,Monday,19:00,25,"474,9"
2025-06-09,2,Monday,20:00,45,"1007,15"
2025-06-09,2,Monday,21:00,41,"829,8"
2025-06-09,2,Monday,22:00,28,"553,51"
2025-06-09,2,Monday,23:00,33,"278,17"
2025-06-09,2,Monday,24:00:00,6,"100,72"
2025-06-11,4,Wednesday,17:00,8,"243,75"
2025-06-11,4,Wednesday,18:00,31,"797,41"
2025-06-11,4,Wednesday,19:00,135,"3288,83"
2025-06-11,4,Wednesday,20:00,201,"5339,58"
2025-06-11,4,Wednesday,21:00,202,"4063,21"
2025-06-11,4,Wednesday,22:00,168,"3793,57"
2025-06-11,4,Wednesday,23:00,97,"1999,6"
2025-06-11,4,Wednesday,24:00:00,76,"1293,53"
2025-06-11,4,Wednesday,25:00:00,10,"235,3"
2025-06-12,5,Thursday,18:00,3,"48,85"
2025-06-12,5,Thursday,19:00,10,"402,17"
2025-06-12,5,Thursday,20:00,19,"202,51"
2025-06-12,5,Thursday,21:00,10,"175,16"
2025-06-12,5,Thursday,22:00,9,"160,75"
2025-06-12,5,Thursday,23:00,7,"42,94"
2025-06-13,6,Friday,16:00,7,"143,72"
2025-06-13,6,Friday,17:00,31,"688,63"
2025-06-13,6,Friday,18:00,121,"2929,88"
2025-06-13,6,Friday,19:00,260,"6582,92"
2025-06-13,6,Friday,20:00,428,"10905,07"
2025-06-13,6,Friday,21:00,344,"8613,35"
2025-06-13,6,Friday,22:00,339,"7888,2"
2025-06-13,6,Friday,23:00,257,"5710,8"
2025-06-13,6,Friday,24:00:00,122,"2243,56"
2025-06-13,6,Friday,25:00:00,75,"1376,85"
2025-06-13,6,Friday,26:00:00,5,"85,75"
2025-06-14,7,Saturday,16:00,25,"879,8"
2025-06-14,7,Saturday,17:00,89,"2531,45"
2025-06-14,7,Saturday,18:00,170,"4119,6"
2025-06-14,7,Saturday,19:00,330,"8484,1"
2025-06-14,7,Saturday,20:00,415,"9889,97"
2025-06-14,7,Saturday,21:00,319,"6743,11"
2025-06-14,7,Saturday,22:00,249,"5459,1"
2025-06-14,7,Saturday,23:00,196,"3447,05"
2025-06-14,7,Saturday,24:00:00,79,"1297,85"
2025-06-14,7,Saturday,25:00:00,12,"208,4"
2025-06-15,1,Sunday,16:00,102,
2025-06-15,1,Sunday,17:00,37,"205,71"
2025-06-15,1,Sunday,18:00,39,"-198,75"
2025-06-15,1,Sunday,19:00,36,"11,95"
2025-06-15,1,Sunday,20:00,10,"-1,49"
2025-06-15,1,Sunday,21:00,30,
2025-06-15,1,Sunday,22:00,14,"24,46"
2025-06-15,1,Sunday,23:00,19,
2025-06-15,1,Sunday,24:00:00,4,
2025-06-16,2,Monday,18:00,2,"29,9"
2025-06-16,2,Monday,19:00,30,"442,9"
2025-06-16,2,Monday,20:00,63,"1349,3"
2025-06-16,2,Monday,21:00,42,"1182,6"
2025-06-16,2,Monday,22:00,36,"722,25"
2025-06-16,2,Monday,23:00,40,"609,65"
2025-06-16,2,Monday,24:00:00,1,"7,95"
2025-06-17,3,Tuesday,17:00,3,
2025-06-18,4,Wednesday,16:00,21,"397,95"
2025-06-18,4,Wednesday,17:00,31,"784,33"
2025-06-18,4,Wednesday,18:00,179,"5007,88"
2025-06-18,4,Wednesday,19:00,306,"10009,87"
2025-06-18,4,Wednesday,20:00,359,"9850,79"
2025-06-18,4,Wednesday,21:00,397,"10228,76"
2025-06-18,4,Wednesday,22:00,418,"10185,73"
2025-06-18,4,Wednesday,23:00,339,"8011,71"
2025-06-18,4,Wednesday,24:00:00,247,"5272,65"
2025-06-18,4,Wednesday,25:00:00,143,"2194,48"
2025-06-18,4,Wednesday,26:00:00,5,"42,75"
2025-06-19,5,Thursday,16:00,1,"14,95"
2025-06-19,5,Thursday,17:00,10,"207,72"
2025-06-19,5,Thursday,18:00,14,"330,66"
2025-06-19,5,Thursday,19:00,74,"1862,54"
2025-06-19,5,Thursday,20:00,21,"281,25"
2025-06-19,5,Thursday,21:00,37,"703,82"
2025-06-19,5,Thursday,22:00,30,"490,47"
2025-06-19,5,Thursday,23:00,25,"382,01"
2025-06-19,5,Thursday,24:00:00,5,"70,75"
2025-06-20,6,Friday,15:00,62,"1630,04"
2025-06-20,6,Friday,16:00,58,"1132,54"
2025-06-20,6,Friday,17:00,40,"729,43"
2025-06-20,6,Friday,18:00,220,"5472,59"
2025-06-20,6,Friday,19:00,"334,014","8088,6693"
2025-06-20,6,Friday,20:00,279,"6645,31"
2025-06-20,6,Friday,21:00,407,"9011,08"
2025-06-20,6,Friday,22:00,387,"8499,74"
2025-06-20,6,Friday,23:00,299,"5876,85"
2025-06-20,6,Friday,24:00:00,154,"2848,74"
2025-06-20,6,Friday,25:00:00,67,"1215,51"
2025-06-20,6,Friday,26:00:00,,"-83,85"
2025-06-21,7,Saturday,16:00,8,"173,5"
2025-06-21,7,Saturday,17:00,55,"1728,66"
2025-06-21,7,Saturday,18:00,152,"2861,01"
2025-06-21,7,Saturday,19:00,301,"8207,98"
2025-06-21,7,Saturday,20:00,244,"5897,81"
2025-06-21,7,Saturday,21:00,271,"5972,93"
2025-06-21,7,Saturday,22:00,224,"4963,63"
2025-06-21,7,Saturday,23:00,174,"3636,04"
2025-06-21,7,Saturday,24:00:00,54,"696,67"
2025-06-21,7,Saturday,25:00:00,3,"49,85"
2025-06-22,1,Sunday,16:00,2,
2025-06-22,1,Sunday,17:00,20,
2025-06-22,1,Sunday,18:00,14,
2025-06-22,1,Sunday,19:00,73,"9,95"
2025-06-22,1,Sunday,20:00,22,"-9,95"
2025-06-22,1,Sunday,21:00,21,"27,93"
2025-06-22,1,Sunday,22:00,15,"46,13"
2025-06-22,1,Sunday,23:00,1,"11,16"
2025-06-23,2,Monday,17:00,2,"29,9"
2025-06-23,2,Monday,18:00,20,"465,1"
2025-06-23,2,Monday,19:00,38,"856,66"
2025-06-23,2,Monday,20:00,36,"570,6"
2025-06-23,2,Monday,21:00,46,"823,05"
2025-06-23,2,Monday,22:00,19,"316,35"
2025-06-23,2,Monday,23:00,24,"143,65"
2025-06-23,2,Monday,24:00:00,3,"102,42"
2025-06-25,4,Wednesday,17:00,3,"44,85"
2025-06-25,4,Wednesday,18:00,48,"501,1"
2025-06-25,4,Wednesday,19:00,106,"3149,95"
2025-06-25,4,Wednesday,20:00,129,"3054,55"
2025-06-25,4,Wednesday,21:00,162,"3468,75"
2025-06-25,4,Wednesday,22:00,184,"4470,45"
2025-06-25,4,Wednesday,23:00,178,"3272,33"
2025-06-25,4,Wednesday,24:00:00,83,"1297,51"
2025-06-25,4,Wednesday,25:00:00,8,"167,45"
2025-06-26,5,Thursday,17:00,9,"224,55"
2025-06-26,5,Thursday,18:00,53,"614,6"
2025-06-26,5,Thursday,19:00,67,"2002,95"
2025-06-26,5,Thursday,20:00,95,"2597,82"
2025-06-26,5,Thursday,21:00,96,"1874,98"
2025-06-26,5,Thursday,22:00,76,"1770,8"
2025-06-26,5,Thursday,23:00,12,"337,1"
2025-06-26,5,Thursday,24:00:00,1,"22,95"
2025-06-27,6,Friday,16:00,10,
2025-06-27,6,Friday,17:00,15,"264,83"
2025-06-27,6,Friday,18:00,129,"3114,69"
2025-06-27,6,Friday,19:00,224,"5709,36"
2025-06-27,6,Friday,20:00,280,"7046,31"
2025-06-27,6,Friday,21:00,352,"7750,2"
2025-06-27,6,Friday,22:00,307,"6302,5"
2025-06-27,6,Friday,23:00,221,"4689,85"
2025-06-27,6,Friday,24:00:00,110,"2406,05"
2025-06-27,6,Friday,25:00:00,53,"939,67"
2025-06-27,6,Friday,26:00:00,3,"-73,41"
2025-06-28,7,Saturday,16:00,15,"222,2"
2025-06-28,7,Saturday,17:00,53,"1230,58"
2025-06-28,7,Saturday,18:00,184,"3946,53"
2025-06-28,7,Saturday,19:00,365,"9054,32"
2025-06-28,7,Saturday,20:00,259,"5941,47"
2025-06-28,7,Saturday,21:00,259,"4960,53"
2025-06-28,7,Saturday,22:00,208,"4214,4"
2025-06-28,7,Saturday,23:00,128,"2095,15"
2025-06-28,7,Saturday,24:00:00,40,"747,09"
2025-06-29,1,Sunday,16:00,2,
2025-06-29,1,Sunday,17:00,41,
2025-06-29,1,Sunday,18:00,48,"24,46"
2025-06-29,1,Sunday,19:00,50,
2025-06-29,1,Sunday,20:00,28,"34,96"
2025-06-29,1,Sunday,21:00,24,"6,97"
2025-06-29,1,Sunday,22:00,14,
2025-06-29,1,Sunday,23:00,7,
2025-06-29,1,Sunday,24:00:00,16,"41,85"
2025-06-30,2,Monday,16:00,4,"92,8"
2025-06-30,2,Monday,17:00,8,"161,21"
2025-06-30,2,Monday,18:00,6,"127,21"
2025-06-30,2,Monday,19:00,55,"1368,37"
2025-06-30,2,Monday,20:00,67,"1667,24"
2025-06-30,2,Monday,21:00,61,"1653,5"
2025-06-30,2,Monday,22:00,79,"1217,18"
2025-06-30,2,Monday,23:00,39,"557,78"
2025-06-30,2,Monday,24:00:00,8,"185,61"
2025-07-02,4,Wednesday,17:00,14,"526,16"
2025-07-02,4,Wednesday,18:00,95,"2010,5"
2025-07-02,4,Wednesday,19:00,"151,2","3903,45"
2025-07-02,4,Wednesday,20:00,"214,1","5795,57"
2025-07-02,4,Wednesday,21:00,"272,85","6663,85"
2025-07-02,4,Wednesday,22:00,"334,85","8776,2"
2025-07-02,4,Wednesday,23:00,"226,2","3737,37"
2025-07-02,4,Wednesday,24:00:00,124,"2248,32"
2025-07-02,4,Wednesday,25:00:00,"42,05","522,9"
2025-07-02,4,Wednesday,26:00:00,-1,"-5,56"
2025-07-03,5,Thursday,16:00,"5,25","144,75"
2025-07-03,5,Thursday,17:00,5,"125,97"
2025-07-03,5,Thursday,18:00,60,"1798,75"
2025-07-03,5,Thursday,19:00,80,"2878,09"
2025-07-03,5,Thursday,20:00,"102,85","2542,62"
2025-07-03,5,Thursday,21:00,"109,6","2294,52"
2025-07-03,5,Thursday,22:00,"119,6","2504,25"
2025-07-03,5,Thursday,23:00,"91,25","1670,88"
2025-07-03,5,Thursday,24:00:00,52,"933,85"
2025-07-03,5,Thursday,25:00:00,6,"109,7"
2025-07-03,5,Thursday,26:00:00,-16,"-528,1"
2025-07-04,6,Friday,15:00,"3,6","95,37"
2025-07-04,6,Friday,16:00,56,"1179,95"
2025-07-04,6,Friday,17:00,144,"3280,41"
2025-07-04,6,Friday,18:00,"240,3","4576,03"
2025-07-04,6,Friday,19:00,427,"11092,37"
2025-07-04,6,Friday,20:00,"499,25","10474,29"
2025-07-04,6,Friday,21:00,"591,45","11298,18"
2025-07-04,6,Friday,22:00,"593,55","10764,86"
2025-07-04,6,Friday,23:00,"508,05","6934,62"
2025-07-04,6,Friday,24:00:00,"345,5","4257,73"
2025-07-04,6,Friday,25:00:00,"137,3","1597,31"
2025-07-04,6,Friday,26:00:00,8,"-76,35"
2025-07-04,6,Friday,27:00:00,7,
2025-07-05,7,Saturday,16:00,27,"482,73"
2025-07-05,7,Saturday,17:00,175,"3529,05"
2025-07-05,7,Saturday,18:00,280,"6131,99"
2025-07-05,7,Saturday,19:00,"503,3","10279,68"
2025-07-05,7,Saturday,20:00,"382,35","6301,03"
2025-07-05,7,Saturday,21:00,"454,05","6961,13"
2025-07-05,7,Saturday,22:00,"339,8","5762,3"
2025-07-05,7,Saturday,23:00,"211,75","2969,47"
2025-07-05,7,Saturday,24:00:00,"72,5","898,44"
2025-07-05,7,Saturday,25:00:00,13,"86,85"
2025-07-05,7,Saturday,26:00:00,1,
2025-07-06,1,Sunday,16:00,2,
2025-07-06,1,Sunday,17:00,6,"34,96"
2025-07-06,1,Sunday,18:00,27,"69,22"
2025-07-06,1,Sunday,19:00,"47,2",
2025-07-06,1,Sunday,20:00,23,"22,33"
2025-07-06,1,Sunday,21:00,39,"232,31"
2025-07-06,1,Sunday,22:00,"38,6",
2025-07-06,1,Sunday,23:00,12,
2025-07-06,1,Sunday,24:00:00,9,
2025-07-06,1,Sunday,40:00:00,110,
2025-07-07,2,Monday,18:00,"9,6","52,8"
2025-07-07,2,Monday,19:00,28,"399,85"
2025-07-07,2,Monday,20:00,55,"814,3"
2025-07-07,2,Monday,21:00,"39,3","428,15"
2025-07-07,2,Monday,22:00,"49,25","346,03"
2025-07-07,2,Monday,23:00,"13,05","37,85"
2025-07-09,4,Wednesday,16:00,2,"29,9"
2025-07-09,4,Wednesday,17:00,15,"158,16"
2025-07-09,4,Wednesday,18:00,135,"1131,01"
2025-07-09,4,Wednesday,19:00,274,"3980,9"
2025-07-09,4,Wednesday,20:00,"336,85","4642,35"
2025-07-09,4,Wednesday,21:00,"545,85","7052,33"
2025-07-09,4,Wednesday,22:00,"517,6","6543,59"
2025-07-09,4,Wednesday,23:00,"445,75","4948,83"
2025-07-09,4,Wednesday,24:00:00,212,"2051,17"
2025-07-09,4,Wednesday,25:00:00,56,"528,06"
2025-07-09,4,Wednesday,26:00:00,2,"-51,16"
2025-07-10,5,Thursday,17:00,6,"143,7"
2025-07-10,5,Thursday,18:00,44,"444,61"
2025-07-10,5,Thursday,19:00,202,"2682,2"
2025-07-10,5,Thursday,20:00,"243,35","3547,11"
2025-07-10,5,Thursday,21:00,"181,75","2471,85"
2025-07-10,5,Thursday,22:00,"175,75","2240,22"
2025-07-10,5,Thursday,23:00,"102,75","944,3"
2025-07-10,5,Thursday,24:00:00,18,"104,55"
2025-07-11,6,Friday,16:00,19,"169,72"
2025-07-11,6,Friday,17:00,"174,05","2145,57"
2025-07-11,6,Friday,18:00,"453,5","6231,99"
2025-07-11,6,Friday,19:00,"864,5","12742,15"
2025-07-11,6,Friday,20:00,"917,9","11295,37"
2025-07-11,6,Friday,21:00,"1067,2","11887,83"
2025-07-11,6,Friday,22:00,"955,45","11971,27"
2025-07-11,6,Friday,23:00,"705,65","7056,73"
2025-07-11,6,Friday,24:00:00,"385,55","3977,5"
2025-07-11,6,Friday,25:00:00,"129,25","1186,5"
2025-07-11,6,Friday,26:00:00,3,"-103,45"
2025-07-11,6,Friday,27:00:00,"12,05",
2025-07-12,7,Saturday,16:00,"87,6","839,2"
2025-07-12,7,Saturday,17:00,"181,05","2518,29"
2025-07-12,7,Saturday,18:00,353,"3936,54"
2025-07-12,7,Saturday,19:00,"714,25","9874,83"
2025-07-12,7,Saturday,20:00,"623,8","8004,88"
2025-07-12,7,Saturday,21:00,"736,9","8535,15"
2025-07-12,7,Saturday,22:00,"586,3","6132,77"
2025-07-12,7,Saturday,23:00,"733,25","8301,18"
2025-07-12,7,Saturday,24:00:00,"689,55","7478,99"
2025-07-12,7,Saturday,25:00:00,"687,05","7492,23"
2025-07-12,7,Saturday,26:00:00,"346,05","3348,73"
2025-07-12,7,Saturday,27:00:00,101,"746,87"
2025-07-12,7,Saturday,28:00:00,,"-88,03"
2025-07-13,1,Sunday,16:00,6,"5,56"
2025-07-13,1,Sunday,17:00,"18,8","14,95"
2025-07-13,1,Sunday,18:00,"8,6",
2025-07-13,1,Sunday,19:00,"58,6",
2025-07-13,1,Sunday,20:00,"31,2",
2025-07-13,1,Sunday,21:00,20,
2025-07-13,1,Sunday,22:00,9,
2025-07-13,1,Sunday,23:00,4,
2025-07-13,1,Sunday,24:00:00,13,
2025-07-13,1,Sunday,25:00:00,86,"-14,95"
2025-07-14,2,Monday,17:00,3,"41,9"
2025-07-14,2,Monday,18:00,14,"229,11"
2025-07-14,2,Monday,19:00,99,"1273,7"
2025-07-14,2,Monday,20:00,"76,5","733,6"
2025-07-14,2,Monday,21:00,"113,25","1217,31"
2025-07-14,2,Monday,22:00,"76,5","671,25"
2025-07-14,2,Monday,23:00,"60,25","568,01"
2025-07-14,2,Monday,24:00:00,13,"46,98"
2025-07-16,4,Wednesday,17:00,54,"64,01"
2025-07-16,4,Wednesday,18:00,78,"860,85"
2025-07-16,4,Wednesday,19:00,"342,05","5008,29"
2025-07-16,4,Wednesday,20:00,"482,8","6716,47"
2025-07-16,4,Wednesday,21:00,"598,15","7581,5"
2025-07-16,4,Wednesday,22:00,"649,7","6508,7"
2025-07-16,4,Wednesday,23:00,623,"4614,85"
2025-07-16,4,Wednesday,24:00:00,"258,5","2289,64"
2025-07-16,4,Wednesday,25:00:00,"57,3","485,5"
2025-07-16,4,Wednesday,38:00:00,1,
2025-07-17,5,Thursday,17:00,37,"360,85"
2025-07-17,5,Thursday,18:00,91,"1425,41"
2025-07-17,5,Thursday,19:00,380,"6008,61"
2025-07-17,5,Thursday,20:00,"341,55","5079,55"
2025-07-17,5,Thursday,21:00,"312,05","3726,15"
2025-07-17,5,Thursday,22:00,"173,65","1911,18"
2025-07-17,5,Thursday,23:00,88,"654,18"
2025-07-17,5,Thursday,24:00:00,"47,05","389,77"
2025-07-17,5,Thursday,25:00:00,9,"4,95"
2025-07-18,6,Friday,16:00,1,"49,95"
2025-07-18,6,Friday,17:00,143,"1469,9"
2025-07-18,6,Friday,18:00,"400,25","4443,92"
2025-07-18,6,Friday,19:00,"901,65","12981,84"
2025-07-18,6,Friday,20:00,"854,85","8927,02"
2025-07-18,6,Friday,21:00,"938,25","11491,59"
2025-07-18,6,Friday,22:00,"849,6","10187,22"
2025-07-18,6,Friday,23:00,"686,65","7125,08"
2025-07-18,6,Friday,24:00:00,"358,85","3727,32"
2025-07-18,6,Friday,25:00:00,"184,75","1854,05"
2025-07-18,6,Friday,26:00:00,46,"208,35"
2025-07-18,6,Friday,27:00:00,8,"-75,8"
2025-07-18,6,Friday,39:00:00,49,
2025-07-19,7,Saturday,16:00,60,"720,43"
2025-07-19,7,Saturday,17:00,162,"2041,71"
2025-07-19,7,Saturday,18:00,"377,4","5453,43"
2025-07-19,7,Saturday,19:00,"757,75","9601,02"
2025-07-19,7,Saturday,20:00,"664,3","7510,71"
2025-07-19,7,Saturday,21:00,"824,35","9235,53"
2025-07-19,7,Saturday,22:00,"526,25","5660,89"
2025-07-19,7,Saturday,23:00,"389,75","3856,59"
2025-07-19,7,Saturday,24:00:00,"212,5","2122,01"
2025-07-19,7,Saturday,25:00:00,22,"269,5"
2025-07-19,7,Saturday,26:00:00,"12,25","-9,06"
2025-07-20,1,Sunday,16:00,4,
2025-07-20,1,Sunday,17:00,32,"5,56"
2025-07-20,1,Sunday,18:00,53,"24,46"
2025-07-20,1,Sunday,19:00,17,
2025-07-20,1,Sunday,20:00,27,"18,47"
2025-07-20,1,Sunday,21:00,23,"32,95"
2025-07-20,1,Sunday,22:00,"16,6","77,86"
2025-07-20,1,Sunday,23:00,8,"24,46"
2025-07-20,1,Sunday,25:00:00,"66,25",
2025-07-21,2,Monday,17:00,14,"80,18"
2025-07-21,2,Monday,18:00,16,"209,67"
2025-07-21,2,Monday,19:00,"63,25","625,42"
2025-07-21,2,Monday,20:00,106,"1110,45"
2025-07-21,2,Monday,21:00,"143,2","2251,61"
2025-07-21,2,Monday,22:00,"113,6","1779,7"
2025-07-21,2,Monday,23:00,69,"228,35"
2025-07-21,2,Monday,24:00:00,17,"156,76"
2025-07-23,4,Wednesday,17:00,10,"89,67"
2025-07-23,4,Wednesday,18:00,154,"1644,74"
2025-07-23,4,Wednesday,19:00,"459,5","6519,98"
2025-07-23,4,Wednesday,20:00,"430,6","6825,97"
2025-07-23,4,Wednesday,21:00,"559,05","7912,44"
2025-07-23,4,Wednesday,22:00,"509,5","6575,7"
2025-07-23,4,Wednesday,23:00,"403,75","4140,82"
2025-07-23,4,Wednesday,24:00:00,173,"1846,64"
2025-07-23,4,Wednesday,25:00:00,78,"698,14"
2025-07-23,4,Wednesday,26:00:00,5,
2025-07-24,5,Thursday,17:00,24,"274,3"
2025-07-24,5,Thursday,18:00,111,"888,87"
2025-07-24,5,Thursday,19:00,134,"2092,3"
2025-07-24,5,Thursday,20:00,"265,55","2357,21"
2025-07-24,5,Thursday,21:00,"273,7","3465,29"
2025-07-24,5,Thursday,22:00,"259,6","2830,41"
2025-07-24,5,Thursday,23:00,"96,25","984,2"
2025-07-24,5,Thursday,24:00:00,35,332
2025-07-24,5,Thursday,25:00:00,6,"45,85"
2025-07-25,6,Friday,16:00,65,"1171,8"
2025-07-25,6,Friday,17:00,158,"1910,06"
2025-07-25,6,Friday,18:00,430,"4703,31"
2025-07-25,6,Friday,19:00,"910,5","12607,29"
2025-07-25,6,Friday,20:00,"858,25","11333,66"
2025-07-25,6,Friday,21:00,"975,664","11919,73"
2025-07-25,6,Friday,22:00,"926,45","13655,73"
2025-07-25,6,Friday,23:00,"748,55","7772,24"
2025-07-25,6,Friday,24:00:00,"468,55","4900,26"
2025-07-25,6,Friday,25:00:00,"161,25","1485,31"
2025-07-25,6,Friday,26:00:00,-2,"-41,9"
2025-07-25,6,Friday,27:00:00,5,
2025-07-26,7,Saturday,15:00,34,"341,95"
2025-07-26,7,Saturday,16:00,55,"334,86"
2025-07-26,7,Saturday,17:00,152,"2260,6"
2025-07-26,7,Saturday,18:00,"321,25","4354,01"
2025-07-26,7,Saturday,19:00,581,"7478,48"
2025-07-26,7,Saturday,20:00,"495,75","5126,75"
2025-07-26,7,Saturday,21:00,"570,45","8127,27"
2025-07-26,7,Saturday,22:00,"496,55","5749,91"
2025-07-26,7,Saturday,23:00,"372,25","3713,82"
2025-07-26,7,Saturday,24:00:00,312,"2474,7"
2025-07-26,7,Saturday,25:00:00,38,"129,4"
2025-07-26,7,Saturday,26:00:00,-1,"-7,95"